Kereskedő,Scooter vagy ATW,Kategória,Márka,Modell,Motor méret (cm3),ár/nap (EUR),váltó típusa,elérhetőség,leírás,kép URL,város,ajánlatkérő link
Moto Zagos,Scooter,,SYM Symphony S 50,,50 cc,,Automatic,,,https://www.motozagos.gr/menu/61/61.jpg,Limenaria,https://www.motozagos.gr/en/thassos-island-reservation/
Moto Zagos,Scooter,,SYM JET 4,,50 cc,,Automatic,,,https://www.motozagos.gr/menu/18/18.jpg,Limenaria,https://www.motozagos.gr/en/thassos-island-reservation/
Moto Zagos,Scooter,,KYMCO SUPER 8,,50 cc,,Automatic,,,https://www.motozagos.gr/menu/19/19.jpg,Limenaria,https://www.motozagos.gr/en/thassos-island-reservation/
Moto Zagos,Scooter,,KYMCO Agility 16+ 50,,50 cc,,Automatic,,,https://www.motozagos.gr/menu/24/24.jpg,Limenaria,https://www.motozagos.gr/en/thassos-island-reservation/
Moto Zagos,Scooter,,Piaggio Typhoon,,80 cc,,Automatic,,,https://www.motozagos.gr/menu/75/75.jpg,Limenaria,https://www.motozagos.gr/en/thassos-island-reservation/
Moto Zagos,Scooter,,KYMCO PEOPLE S Series,,80 cc,,Automatic,,,https://www.motozagos.gr/menu/20/20.jpg,Limenaria,https://www.motozagos.gr/en/thassos-island-reservation/
Moto Zagos,Scooter,,Honda Vario 125 CBS,,125 cc,,Automatic,,,https://www.motozagos.gr/menu/64/64.jpg,Limenaria,https://www.motozagos.gr/en/thassos-island-reservation/
Moto Zagos,Scooter,,Piaggio Liberty 125 ABS,,125 cc,,Automatic,,,https://www.motozagos.gr/menu/69/69.jpg,Limenaria,https://www.motozagos.gr/en/thassos-island-reservation/
Moto Zagos,Scooter,,SYM Symphony SR 125 ABS,,125 cc,,Automatic,,,https://www.motozagos.gr/menu/77/77.jpg,Limenaria,https://www.motozagos.gr/en/thassos-island-reservation/
Moto Zagos,Scooter,,Kymco Agility 16+ 125 CBS,,125 cc,,Automatic,,,https://www.motozagos.gr/menu/76/76.jpg,Limenaria,https://www.motozagos.gr/en/thassos-island-reservation/
Moto Zagos,Scooter,,SYM JET 14 A/C 125 CBS,,125 cc,,Automatic,,,https://www.motozagos.gr/menu/63/63.jpg,Limenaria,https://www.motozagos.gr/en/thassos-island-reservation/
Moto Zagos,Scooter,,SYM JET X 125 ABS TCS,,125 cc,,Automatic,,,https://www.motozagos.gr/menu/96/96.jpg,Limenaria,https://www.motozagos.gr/en/thassos-island-reservation/
Moto Zagos,Scooter,,Piaggio Medley S 125,,125 cc,,Automatic,,,https://www.motozagos.gr/menu/100/100.jpg,Limenaria,https://www.motozagos.gr/en/thassos-island-reservation/
Moto Zagos,Scooter,,HONDA PCX 125,,125 cc,,Automatic,,,https://www.motozagos.gr/menu/101/101.jpg,Limenaria,https://www.motozagos.gr/en/thassos-island-reservation/
Moto Zagos,Scooter,,Kymco DINK 125,,125 cc,,Automatic,,,https://www.motozagos.gr/menu/88/88.jpg,Limenaria,https://www.motozagos.gr/en/thassos-island-reservation/
Moto Zagos,Scooter,,Kymco SKYTOWN 125 i,,125 cc,,Automatic,,,https://www.motozagos.gr/menu/97/97.jpg,Limenaria,https://www.motozagos.gr/en/thassos-island-reservation/
Moto Zagos,Scooter,,SYM Symphony 200,,200 cc,,Automatic,,,https://www.motozagos.gr/menu/99/99.jpg,Limenaria,https://www.motozagos.gr/en/thassos-island-reservation/
Moto Zagos,Scooter,,Kymco People S 200i ABS,,200 cc,,Automatic,,,https://www.motozagos.gr/menu/83/83.jpg,Limenaria,https://www.motozagos.gr/en/thassos-island-reservation/
Moto Zagos,Scooter,,Aprilia SR GT 125,,125 cc,,Automatic,,,https://www.motozagos.gr/menu/98/98.jpg,Limenaria,https://www.motozagos.gr/en/thassos-island-reservation/
Moto Zagos,Scooter,,Aprilia SR GT 200,,200 cc,,Automatic,,,https://www.motozagos.gr/menu/86/86.jpg,Limenaria,https://www.motozagos.gr/en/thassos-island-reservation/
Moto Zagos,Scooter,,Daytona Virtus 300,,300 cc,,Automatic,,,https://www.motozagos.gr/menu/90/90.jpg,Limenaria,https://www.motozagos.gr/en/thassos-island-reservation/
Moto Zagos,Scooter,,HONDA ADV 350,,350 cc,,Automatic,,,https://www.motozagos.gr/menu/102/102.jpg,Limenaria,https://www.motozagos.gr/en/thassos-island-reservation/
Moto Zagos,Scooter,,SYM Joyride 200i ABS,,200 cc,,Automatic,,,https://www.motozagos.gr/menu/71/71.jpg,Limenaria,https://www.motozagos.gr/en/thassos-island-reservation/
Moto Zagos,Scooter,,Piaggio Beverly S 300 HPE,,300 cc,,Automatic,,,https://www.motozagos.gr/menu/79/79.jpg,Limenaria,https://www.motozagos.gr/en/thassos-island-reservation/
Moto Zagos,Scooter,,Kymco X-TOWN 300i ABS,,300 cc,,Automatic,,,https://www.motozagos.gr/menu/67/67.jpg,Limenaria,https://www.motozagos.gr/en/thassos-island-reservation/
Moto Zagos,Scooter,,Yamaha XMAX 300 ABS,,300 cc,,Automatic,,,https://www.motozagos.gr/menu/66/66.jpg,Limenaria,https://www.motozagos.gr/en/thassos-island-reservation/
Moto Zagos,Scooter,,kymco Xciting S400I,,400 cc,,Automatic,,,https://www.motozagos.gr/menu/91/91.jpg,Limenaria,https://www.motozagos.gr/en/thassos-island-reservation/
Moto Zagos,ATV,,VOGE LONCIN X-WOLF 300,,300 cc,,Automatic,,,https://www.motozagos.gr/menu/104/104.jpg,Limenaria,https://www.motozagos.gr/en/thassos-island-reservation/
Moto Zagos,ATV,,KYMCO MXU 450,,450 cc,,Automatic,,,https://www.motozagos.gr/menu/57/57.jpg,Limenaria,https://www.motozagos.gr/en/thassos-island-reservation/
Moto Zagos,ATV,,CF MOTO 450L,,450 cc,,Automatic,,,https://www.motozagos.gr/menu/82/82.jpg,Limenaria,https://www.motozagos.gr/en/thassos-island-reservation/
Moto Zagos,ATV,,Daytona Akita 500,,500 cc,,Automatic,,,https://www.motozagos.gr/menu/59/59.jpg,Limenaria,https://www.motozagos.gr/en/thassos-island-reservation/
Moto Zagos,ATV,,TGB Blade 600,,600 cc,,Automatic,,,https://www.motozagos.gr/menu/93/93.jpg,Limenaria,https://www.motozagos.gr/en/thassos-island-reservation/
Moto Zagos,ATV,,CForce 625 Touring,,625 cc,,Automatic,,,https://www.motozagos.gr/menu/92/92.jpg,Limenaria,https://www.motozagos.gr/en/thassos-island-reservation/
Mike's Rental,Scooter,,Peugeot Tweet 50,,50 cc,,Automatic,,,https://www.rentalthasos.gr/wp-content/uploads/2025/05/peugeot-tweet-50.jpg,"Limenas, Prinos, Limenaria",https://www.rentalthasos.gr/scooters/
Mike's Rental,Scooter,,Keeway Agora,,50 cc,,Automatic,,,https://www.rentalthasos.gr/wp-content/uploads/2020/03/keeway-agora.jpg,"Limenas, Prinos, Limenaria",https://www.rentalthasos.gr/scooters/
Mike's Rental,Scooter,,Gilera Runner SP,,50 cc,,Automatic,,,https://www.rentalthasos.gr/wp-content/uploads/2020/03/gilera-runner-50cc.jpg,"Limenas, Prinos, Limenaria",https://www.rentalthasos.gr/scooters/
Mike's Rental,Scooter,,Cubs 50,,50 cc,,Semi-Automatic,,,https://www.rentalthasos.gr/wp-content/uploads/2023/05/easy-cub.jpg,"Limenas, Prinos, Limenaria",https://www.rentalthasos.gr/scooters/
Mike's Rental,Scooter,,Keeway Fact X 125,,125 cc,,Automatic,,,https://www.rentalthasos.gr/wp-content/uploads/2025/05/keeway-fact-x-125.jpg,"Limenas, Prinos, Limenaria",https://www.rentalthasos.gr/scooters/
Mike's Rental,Scooter,,Aerox 125,,125 cc,,Automatic,,,https://www.rentalthasos.gr/wp-content/uploads/2023/05/zongshen-zs125t-48.jpg,"Limenas, Prinos, Limenaria",https://www.rentalthasos.gr/scooters/
Mike's Rental,Scooter,,E Space 125,,125 cc,,Automatic,,,https://www.rentalthasos.gr/wp-content/uploads/2025/05/e-space-125.jpg,"Limenas, Prinos, Limenaria",https://www.rentalthasos.gr/scooters/
Mike's Rental,Scooter,,Keeway Outlook,,200 cc,,Automatic,,,https://www.rentalthasos.gr/wp-content/uploads/2020/03/keeway-outlook-200.jpg,"Limenas, Prinos, Limenaria",https://www.rentalthasos.gr/scooters/
Mike's Rental,Scooter,,Scarabeo 250,,250 cc,,Automatic,,,https://www.rentalthasos.gr/wp-content/uploads/2023/05/jincheng-jc200t-b.jpg,"Limenas, Prinos, Limenaria",https://www.rentalthasos.gr/scooters/
Mike's Rental,Scooter,,Morbidelli SC 300,,300 cc,,Automatic,,,https://www.rentalthasos.gr/wp-content/uploads/2025/05/morbidelli-sc-300.jpg,"Limenas, Prinos, Limenaria",https://www.rentalthasos.gr/scooters/
Mike's Rental,Scooter,,Grampus 300,,300 cc,,Automatic,,,https://www.rentalthasos.gr/wp-content/uploads/2023/05/qm250t-efi.jpg,"Limenas, Prinos, Limenaria",https://www.rentalthasos.gr/scooters/
Mike's Rental,ATV,,Linhai ATV 200,,200 cc,,Automatic,,,https://www.rentalthasos.gr/wp-content/uploads/2020/03/linhai-atv-300cc.jpg,"Limenas, Prinos, Limenaria",https://www.rentalthasos.gr/atv/
Mike's Rental,ATV,,Linhai ATV 500,,500 cc,,Automatic,,,https://www.rentalthasos.gr/wp-content/uploads/2020/03/linhai-atv-500cc.jpg,"Limenas, Prinos, Limenaria",https://www.rentalthasos.gr/atv/
Mike's Rental,ATV,,Linhai ATV 550,,550 cc,,Automatic,,,https://www.rentalthasos.gr/wp-content/uploads/2025/05/Linhai-ATV-550.jpg,"Limenas, Prinos, Limenaria",https://www.rentalthasos.gr/atv/
Mike's Rental,ATV,,Linhai ATV 700,,700 cc,,Automatic,,,https://www.rentalthasos.gr/wp-content/uploads/2023/05/linhai-m565li.jpg,"Limenas, Prinos, Limenaria",https://www.rentalthasos.gr/atv/
Mike's Rental,Car,,Volkswagen Polo,,1200 cc,,Manual,,,https://www.rentalthasos.gr/wp-content/uploads/2020/03/vw-polo-2012.jpg,"Limenas, Prinos, Limenaria",https://www.rentalthasos.gr/cars/
Mike's Rental,Buggy,,Buggy 300,,300 cc,,Automatic,,,https://www.rentalthasos.gr/wp-content/uploads/2020/03/buggy-300cc.jpg,"Limenas, Prinos, Limenaria",https://www.rentalthasos.gr/buggy/
Mike's Rental,Buggy,,Renli 500,,500 cc,,Automatic,,,https://www.rentalthasos.gr/wp-content/uploads/2025/05/renli-500.jpg,"Limenas, Prinos, Limenaria",https://www.rentalthasos.gr/buggy/
Mike's Rental,Enduro,,Benelli TRK 251,,250 cc,,Manual,,,https://www.rentalthasos.gr/wp-content/uploads/2025/05/benelli-trk-251.jpg,"Limenas, Prinos, Limenaria",https://www.rentalthasos.gr/bike/
Mike's Rental,Enduro,,Zongzen RX3,,250 cc,,Manual,,,https://www.rentalthasos.gr/wp-content/uploads/2020/03/zongzen-rx3-250cc.jpg,"Limenas, Prinos, Limenaria",https://www.rentalthasos.gr/bike/
Mike's Rental,Enduro,,Morbidelli T 352 X,,350 cc,,Manual,,,https://www.rentalthasos.gr/wp-content/uploads/2025/05/morbidelli-t-352-x.jpg,"Limenas, Prinos, Limenaria",https://www.rentalthasos.gr/bike/
Mike's Rental,Enduro,,Zongzen RX3S,,450 cc,,Manual,,,https://www.rentalthasos.gr/wp-content/uploads/2023/05/zongzen-rx3s.jpg,"Limenas, Prinos, Limenaria",https://www.rentalthasos.gr/bike/
Mike's Rental,Enduro,,Morbidelli T 502 X,,500 cc,,Manual,,,https://www.rentalthasos.gr/wp-content/uploads/2025/05/morbidelli-t-502-x.jpg,"Limenas, Prinos, Limenaria",https://www.rentalthasos.gr/bike/
Mike's Rental,Enduro,,MZ Baghira - ON OFF,,660 cc,,Manual,,,https://www.rentalthasos.gr/wp-content/uploads/2020/03/mz-baghira.jpg,"Limenas, Prinos, Limenaria",https://www.rentalthasos.gr/bike/
Mike's Rental,Enduro,,Benelli TRK 702X,,700 cc,,Manual,,,https://www.rentalthasos.gr/wp-content/uploads/2025/05/benelli-trk-702x.jpg,"Limenas, Prinos, Limenaria",https://www.rentalthasos.gr/bike/
Easy Riders,Buggy,,Buggy 400cc,,400 cc,,Automatic,,,https://easyriders.gr/wp-content/uploads/2022/08/buggy-400-420x420.jpg,Potos,https://easyriders.gr/moto-shop/
Easy Riders,ATV,,CF MOTO 450,,450 cc,,Automatic,,,https://easyriders.gr/wp-content/uploads/2022/06/cf-450-420x420.jpg,Potos,https://easyriders.gr/moto-shop/
Easy Riders,ATV,,CF MOTO 625,,625 cc,,Automatic,,,https://easyriders.gr/wp-content/uploads/2023/06/cf-moto-625-tl-4x4-easyriders-420x420.jpeg,Potos,https://easyriders.gr/moto-shop/
Easy Riders,Scooter,,Piaggio Liberty ABS 125cc,,125 cc,,Automatic,,,https://easyriders.gr/wp-content/uploads/2021/05/Piagio-Liberty-ABS-125cc-420x420.jpg,Potos,https://easyriders.gr/moto-shop/
Easy Riders,Enduro,,Honda 250 CRFI,,250 cc,,Manual,,,https://easyriders.gr/wp-content/uploads/2019/07/Honda-250-CRFI-420x420.jpg,Potos,https://easyriders.gr/moto-shop/
Easy Riders,ATV,,MXU 150I ,,150 cc,,Automatic,,,https://easyriders.gr/wp-content/uploads/2021/05/MXU150-cc-420x420.jpg,Potos,https://easyriders.gr/moto-shop/
Easy Riders,ATV,,MXU 450I ,,450 cc,,Automatic,,,https://easyriders.gr/wp-content/uploads/2021/05/MXU-450I-420x420.jpg,Potos,https://easyriders.gr/moto-shop/
Easy Riders,ATV,,Daytona akita 500 cc ,,500 cc,,Automatic,,,https://easyriders.gr/wp-content/uploads/2021/05/Daytona-akita-500-cc-420x420.jpg,Potos,https://easyriders.gr/moto-shop/
Easy Riders,Scooter,,KYMCO PEOPLE 50 CC ,,50 cc,,Automatic,,,https://easyriders.gr/wp-content/uploads/2021/05/kymcopeople50-80-420x420.jpg,Potos,https://easyriders.gr/moto-shop/
Easy Riders,Scooter,,KYMCO PEOPLE 80 CC ,,80 cc,,Automatic,,,https://easyriders.gr/wp-content/uploads/2021/05/kymcopeople50-80-420x420.jpg,Potos,https://easyriders.gr/moto-shop/
Easy Riders,Scooter,,KYMCO GTI 300,,300 cc,,Automatic,,,https://easyriders.gr/wp-content/uploads/2021/05/kymcogti300-420x420.jpg,Potos,https://easyriders.gr/moto-shop/
Easy Riders,Scooter,,Kymco Agility 200,,200 cc,,Automatic,,,https://easyriders.gr/wp-content/uploads/2021/06/agility-200-16-plus-420x420.jpg,Potos,https://easyriders.gr/moto-shop/
Easy Riders,ATV,,MXU 310 CC KYMCO,,300 cc,,Automatic,,,https://easyriders.gr/wp-content/uploads/2021/05/KYMCOmxu310-420x420.jpg,Potos,https://easyriders.gr/moto-shop/
Easy Riders,ATV,,Kymco MAXXER 300 ATV,,300 cc,,Automatic,,,https://easyriders.gr/wp-content/uploads/2021/05/Kymco-MAXXER-300-420x420.jpg,Potos,https://easyriders.gr/moto-shop/
Easy Riders,ATV,,Kymco MXU 300,,300 cc,,Automatic,,,https://easyriders.gr/wp-content/uploads/2021/05/Kymco-MXU-300-420x420.jpg,Potos,https://easyriders.gr/moto-shop/
Easy Riders,Scooter,,Yamaha Aerox,,50 cc,,Automatic,,,https://easyriders.gr/wp-content/uploads/2021/05/Yamaha-Aerox-420x420.jpg,Potos,https://easyriders.gr/moto-shop/
Easy Riders,Scooter,,Piaggio Liberty 50 ,,50 cc,,Automatic,,,https://easyriders.gr/wp-content/uploads/2021/05/Liberty-50-420x420.jpg,Potos,https://easyriders.gr/moto-shop/
Easy Riders,Scooter,,Peugeot Speed Fight 50,,50 cc,,Automatic,,,https://easyriders.gr/wp-content/uploads/2021/05/Peugeot-Speed-Fight-50-100-420x420.jpg,Potos,https://easyriders.gr/moto-shop/
Easy Riders,Scooter,,Peugeot Speed Fight 100,,100 cc,,Automatic,,,https://easyriders.gr/wp-content/uploads/2021/05/Peugeot-Speed-Fight-50-100-420x420.jpg,Potos,https://easyriders.gr/moto-shop/
Easy Riders,Scooter,,Kymco top boy 50 ,,50 cc,,Automatic,,,https://easyriders.gr/wp-content/uploads/2021/05/Kymco-top-boy-50-420x420.jpg,Potos,https://easyriders.gr/moto-shop/
Easy Riders,Scooter,,Kymco Super 9 50,,50 cc,,Automatic,,,https://easyriders.gr/wp-content/uploads/2021/05/Kymco-Super-9-50-80-420x420.jpg,Potos,https://easyriders.gr/moto-shop/
Easy Riders,Scooter,,Kymco Super 9 80,,80 cc,,Automatic,,,https://easyriders.gr/wp-content/uploads/2021/05/Kymco-Super-9-50-80-420x420.jpg,Potos,https://easyriders.gr/moto-shop/
Easy Riders,Scooter,,Yamaha AeroxRR 50,,50 cc,,Automatic,,,https://easyriders.gr/wp-content/uploads/2021/05/Yamaha-AeroxRR-50-420x420.jpg,Potos,https://easyriders.gr/moto-shop/
Easy Riders,Scooter,,Yamaha BW 100 ,,100 cc,,Automatic,,,https://easyriders.gr/wp-content/uploads/2021/05/Yamaha-BW-100-420x420.jpg,Potos,https://easyriders.gr/moto-shop/
Easy Riders,Scooter,,Kymco agility city 125 ,,125 cc,,Automatic,,,https://easyriders.gr/wp-content/uploads/2021/06/agility-125-16-plus-420x420.jpg,Potos,https://easyriders.gr/moto-shop/
Easy Riders,ATV,,TGB BLADE 600,,600 cc,,Automatic,,,https://easyriders.gr/wp-content/uploads/2023/06/tgb-blade-600-ltx-eps-4x4-easyriders-420x420.jpeg,Potos,https://easyriders.gr/moto-shop/
ATV Moto Thassos,Buggy,,ZFORCE 800 SPORT,,800 cc,,Automatic,,,https://rentabike-thassos.com/wp-content/uploads/2025/04/UFORCE800-21.jpeg-1100x1100w.webp,Golden Beach,https://rentabike-thassos.com/ask-for-an-offer/
ATV Moto Thassos,ATV,,SEGWAY SNARLER 600,,600 cc,,Automatic,,,https://rentabike-thassos.com/wp-content/uploads/2021/05/SNARLER.png.webp,Golden Beach,https://rentabike-thassos.com/ask-for-an-offer/
ATV Moto Thassos,ATV,,CFORCE 520L,,520 cc,,Automatic,,,https://rentabike-thassos.com/wp-content/uploads/2020/01/cf-e1578669990967.jpg.webp,Golden Beach,https://rentabike-thassos.com/ask-for-an-offer/
ATV Moto Thassos,ATV,,CFORCE 450L,,450 cc,,Automatic,,,https://rentabike-thassos.com/wp-content/uploads/2020/03/unnamed.jpg.webp,Golden Beach,https://rentabike-thassos.com/ask-for-an-offer/
ATV Moto Thassos,ATV,,CFORCE 450L NEW,,450 cc,,Automatic,,,https://rentabike-thassos.com/wp-content/uploads/2023/06/CFMOTO-THASSOS-RENT-ATV.jpg,Golden Beach,https://rentabike-thassos.com/ask-for-an-offer/
ATV Moto Thassos,ATV,,SYM QUADLANDER 300S,,300 cc,,Automatic,,,https://rentabike-thassos.com/wp-content/uploads/2020/01/SYM.jpg.webp,Golden Beach,https://rentabike-thassos.com/ask-for-an-offer/
ATV Moto Thassos,Scooter,,SYM CITYCOM 300,,300 cc,,Automatic,,,https://rentabike-thassos.com/wp-content/uploads/2020/03/citycom-WH-300P-Left-45-degree-small-1028x1030-1.jpg.webp,Golden Beach,https://rentabike-thassos.com/ask-for-an-offer/
ATV Moto Thassos,Scooter,,SYM HD 300,,300 cc,,Automatic,,,https://rentabike-thassos.com/wp-content/uploads/2020/03/LH1-WH-300P.png.webp,Golden Beach,https://rentabike-thassos.com/ask-for-an-offer/
ATV Moto Thassos,Scooter,,Daytona Virtus 300,,300 cc,,Automatic,,,https://rentabike-thassos.com/wp-content/uploads/2023/06/DAYTONA-VIRTUS-300-RENT-THASSOS-THASOS-SCOOTER-MOPED-RENTAL-MOTO.jpg,Golden Beach,https://rentabike-thassos.com/ask-for-an-offer/
ATV Moto Thassos,Scooter,,SYM ST 200i,,200 cc,,Automatic,,,https://rentabike-thassos.com/wp-content/uploads/2023/06/SYM-ST200-RENT-THASSOS-THASOS-SCOOTER-MOPED-RENTAL-MOTO-1024x735.jpg,Golden Beach,https://rentabike-thassos.com/ask-for-an-offer/
ATV Moto Thassos,Scooter,,SYM Symphony S 125i,,125 cc,,Automatic,,,https://rentabike-thassos.com/wp-content/uploads/2020/03/SYMPHONY-S-WHITE-992x1030-1-289x300.jpg.webp,Golden Beach,https://rentabike-thassos.com/ask-for-an-offer/
ATV Moto Thassos,Scooter,,SYM Symphony  SR 125i,,125 cc,,Automatic,,,https://rentabike-thassos.com/wp-content/uploads/2020/03/SYMPHONY_SR_WHITE-1030x953-1-300x278.jpg.webp,Golden Beach,https://rentabike-thassos.com/ask-for-an-offer/
ATV Moto Thassos,Scooter,,SYM Jet 14 200,,200 cc,,Automatic,,,https://rentabike-thassos.com/wp-content/uploads/2020/03/01-JET-14_XC12W1-EU_R-010CA_Left-45-degree.png.webp,Golden Beach,https://rentabike-thassos.com/ask-for-an-offer/
ATV Moto Thassos,Scooter,,Kymco Agility 16 50,,50 cc,,Automatic,,,https://rentabike-thassos.com/wp-content/uploads/2020/03/Agility-200-i-L45-52-300x300.jpg.webp,Golden Beach,https://rentabike-thassos.com/ask-for-an-offer/
ATV Moto Thassos,Scooter,,Kymco People 50 S,,50 cc,,Automatic,,,https://rentabike-thassos.com/wp-content/uploads/2020/03/PEOPLE-50S-5-copy-300x300.jpg.webp,Golden Beach,https://rentabike-thassos.com/ask-for-an-offer/
ATV Moto Thassos,Scooter,,SYM JET4 R 50,,50 cc,,Automatic,,,https://rentabike-thassos.com/wp-content/uploads/2020/03/SYM_BESTBUY-300x300.jpg.webp,Golden Beach,https://rentabike-thassos.com/ask-for-an-offer/
ATV Moto Thassos,Scooter,,SYM Symphony SR50,,50 cc,,Automatic,,,https://rentabike-thassos.com/wp-content/uploads/2020/03/unnamed-2-1-300x300.jpg.webp,Golden Beach,https://rentabike-thassos.com/ask-for-an-offer/
AVIS,Car,,Toyota Aygo,,,,Automatic,,,https://avisassets.abgemea.com/.imaging/gridView_vehicleSearch_small/dam/avis/fleet/Toyota/Aygo/toyota_19aygoxplayhb2fb_sideview.png,"Potos, Thassos",https://www.avis.gr/en/
AVIS,Car,,Fiat Panda,,,,Manual,,,https://avisassets.abgemea.com/.imaging/gridView_vehicleSearch_small/dam/avis/fleet/Fiat/Panda/fiat_17pandalounge5ha3fbc_sideview.png,Golden Beach,https://www.avis.gr/en/
AVIS,Car,,Renault Clio,,,,Manual,,,https://avisassets.abgemea.com/.imaging/gridView_vehicleSearch_small/dam/avis/fleet/Renault/Clio/renault_23cliotechnohb5fb_sideview.png,Thassos,https://www.avis.gr/en/
AVIS,Car,,Peugeot 308,,,,Manual,,,https://avisassets.abgemea.com/.imaging/gridView_vehicleSearch_small/dam/avis/fleet/Peugeot/308/peugeot_24308gthb3rbc_sideview.png,Thassos,https://www.avis.gr/en/
AVIS,Car,,BMW 1,,,,Manual,,,https://avisassets.abgemea.com/.imaging/gridView_vehicleSearch_small/dam/avis/fleet/BMW/1/bmw_23118iaadvantagehb3b_sideview.png,Thassos,https://www.avis.gr/en/
AVIS,Car,,Volkswagen T-Roc,,,,Manual,,,https://avisassets.abgemea.com/.imaging/gridView_vehicleSearch_small/dam/avis/fleet/VW/t-roc/22trocrlinebizsu1fb_volkswagen_sideview.png,Thassos,https://www.avis.gr/en/
autoUnion,Car,,CITROEN C1,,,,Manual,,,https://www.autounion.gr/usercontent/images/CITROEN%20C1.jpg,Skala Potamia,https://www.autounion.gr/models/
autoUnion,Car,,Fiat 500c Cabrio,,,,Manual,,,https://www.autounion.gr/usercontent/images/FIAT%20500%20CABRIO.jpg,Skala Potamia,https://www.autounion.gr/models/
autoUnion,Car,,FIAT PANDA,,,,Manual,,,https://www.autounion.gr/usercontent/images/FIAT%20PANDA.jpg,Skala Potamia,https://www.autounion.gr/models/
autoUnion,Car,,HYUNDAI i10,,,,Automatic,,,https://www.autounion.gr/usercontent/images/HYUNDAI%20I10.jpeg,Skala Potamia,https://www.autounion.gr/models/
autoUnion,Car,,MINI COOPER Cabrio,,,,Automatic,,,https://www.autounion.gr/usercontent/images/MINI%20COOPER%20CABRIO.jpg,Skala Potamia,https://www.autounion.gr/models/
autoUnion,Car,,VW POLO,,,,Manual,,,https://www.autounion.gr/usercontent/images/VW%20POLO.jpg,Skala Potamia,https://www.autounion.gr/models/
autoUnion,Car,,TOYOTA YARIS,,,,Manual,,,https://www.autounion.gr/usercontent/images/YARIS_gr.jpg,Skala Potamia,https://www.autounion.gr/models/
autoUnion,Car,,OPEL CORSA,,,,Manual,,,https://www.autounion.gr/usercontent/images/OPEL%20CORSA%205%20door.jpg,Skala Potamia,https://www.autounion.gr/models/
autoUnion,Car,,NISSAN NOTE,,,,Manual,,,https://www.autounion.gr/usercontent/images/NISSAN%20NOTE.jpg,Skala Potamia,https://www.autounion.gr/models/
autoUnion,Car,,VW POLO,,,,Manual,,,https://www.autounion.gr/usercontent/images/VW%20POLO.jpg,Skala Potamia,https://www.autounion.gr/models/
autoUnion,Car,,FORD FOCUS/ HYUNDAI i30,,,,Manual,,,https://www.autounion.gr/usercontent/images/FORD%20FOCUS%205%20DOOR.jpg,Skala Potamia,https://www.autounion.gr/models/
autoUnion,Car,,FORD FOCUS,,,,Manual,,,https://www.autounion.gr/usercontent/images/FORD%20FOCUS%205%20DOOR.jpg,Skala Potamia,https://www.autounion.gr/models/
autoUnion,Car,,NISSAN MICRA,,,,Automatic,,,https://www.autounion.gr/usercontent/images/NISSAN%20MICRA.jpg,Skala Potamia,https://www.autounion.gr/models/
autoUnion,Car,,KIA STONIC,,,,Manual,,,https://www.autounion.gr/usercontent/images/KIA%20STONIC.jpg,Skala Potamia,https://www.autounion.gr/models/
autoUnion,Car,,SKODA OCTAVIA ESTATE,,,,Manual,,,https://www.autounion.gr/usercontent/images/SKODA%20OCTAVIA%20STATION%20WAGON.jpg,Skala Potamia,https://www.autounion.gr/models/
autoUnion,Car,,Renault Express Cargo Van,,,,Manual,,,https://www.autounion.gr/usercontent/images/express.jpg,Skala Potamia,https://www.autounion.gr/models/
autoUnion,Car,,MERCEDES VITO,,,,Manual,,,https://www.autounion.gr/usercontent/images/MERCEDES%20VITO%20PA.jpg,Skala Potamia,https://www.autounion.gr/models/
autoUnion,Car,,Jeep Cherokee,,,,Manual,,,https://www.autounion.gr/usercontent/images/JEEP%20CHEROKEE.jpg,Skala Potamia,https://www.autounion.gr/models/
autoUnion,Car,,NISSAN QASHQAI Hybrid,,,,Manual,,,https://www.autounion.gr/usercontent/images/GR_SFMH.jpg,Skala Potamia,https://www.autounion.gr/models/
autoUnion,Car,,AUDI A4 ,,,,Manual,,,https://www.autounion.gr/usercontent/images/AUDI%20A4.jpg,Skala Potamia,https://www.autounion.gr/models/
autoUnion,Car,,Jeep Wrangler,,,,Manual,,,https://www.autounion.gr/usercontent/images/JEEP%20WRANGLER%20OPEN.jpg,Skala Potamia,https://www.autounion.gr/models/
autoUnion,Car,,Range Rover Sport Hybrid ,,,,Manual,,,https://www.autounion.gr/usercontent/images/RANGE%20ROVER%20SPORT.jpg,Skala Potamia,https://www.autounion.gr/models/